{"": 1669456254.2545445, "aa": 1669456297.7680333, "a": 1669456335.1981742}