{"": 1669363768.0919313, "dadsa": 1669363781.523555, "dadsaf": 1669363784.45636, "dadsafdsa": 1669363785.4703622}